Item,PrecoUnidade
Fogao,1325.3344444444444
Geladeira,1398.4842857142855
Lavadora,1750.0
Microondas,1468.2573333333335
